"lead_id","campaign_id","converted_at","conversion_value_usd","conversion_type"
"L0000001","CMP0022","2025-08-03T02:59:25","499.25","meeting_scheduled"
"L0000009","CMP0023","2025-07-10T20:57:28","421.63","demo_booked"
"L0000011","CMP0019","2025-06-30T01:37:32","1653.71","demo_booked"
"L0000013","CMP0020","2025-08-15T04:23:43","655.71","demo_booked"
"L0000014","CMP0025","2025-08-14T18:14:11","1458.66","trial_started"
"L0000017","CMP0015","2025-06-28T04:34:27","716.06","meeting_scheduled"
"L0000026","CMP0018","2025-06-02T13:47:02","1870.7","meeting_scheduled"
"L0000029","CMP0030","2025-05-21T17:05:21","1592.89","demo_booked"
"L0000031","CMP0023","2025-07-11T22:44:48","756.29","demo_booked"
"L0000045","CMP0023","2025-07-06T13:50:32","632.34","meeting_scheduled"
"L0000047","CMP0024","2025-08-24T01:51:20","334.29","demo_booked"
"L0000053","CMP0023","2025-05-23T20:56:32","1702.69","demo_booked"
"L0000074","CMP0026","2025-07-10T06:26:10","1255.94","demo_booked"
"L0000086","CMP0026","2025-08-20T06:44:35","115.62","trial_started"
"L0000090","CMP0020","2025-05-24T11:22:22","1453.22","purchase"
"L0000091","CMP0003","2025-08-06T02:30:06","1876.35","trial_started"
"L0000092","CMP0013","2025-05-23T09:01:27","481.94","trial_started"
"L0000106","CMP0011","2025-06-10T22:57:00","1722.03","meeting_scheduled"
"L0000110","CMP0006","2025-08-22T23:25:19","1794.47","purchase"
"L0000117","CMP0009","2025-08-18T10:59:01","1897.39","trial_started"
"L0000119","CMP0027","2025-07-24T07:33:27","540.68","purchase"
"L0000120","CMP0006","2025-06-13T22:36:28","1803.57","purchase"
"L0000125","CMP0024","2025-07-21T22:46:16","409.48","purchase"
"L0000139","CMP0015","2025-05-25T20:06:46","1382.71","meeting_scheduled"
"L0000141","CMP0016","2025-05-14T11:29:28","550.4","demo_booked"
"L0000156","CMP0011","2025-08-21T18:23:15","1281.2","purchase"
"L0000157","CMP0008","2025-07-26T08:05:22","1064.34","purchase"
"L0000158","CMP0029","2025-07-26T10:10:33","108.43","demo_booked"
"L0000171","CMP0007","2025-07-21T07:35:53","465.76","purchase"
"L0000174","CMP0019","2025-07-12T11:27:53","429.34","meeting_scheduled"
"L0000183","CMP0022","2025-06-30T16:09:58","674.76","trial_started"
"L0000200","CMP0019","2025-06-24T21:43:11","1556.81","trial_started"
"L0000206","CMP0013","2025-07-16T01:45:03","1850.03","trial_started"
"L0000207","CMP0022","2025-07-21T16:38:44","1933.45","demo_booked"
"L0000222","CMP0030","2025-08-04T06:07:54","617.18","meeting_scheduled"
"L0000223","CMP0022","2025-05-16T17:08:43","1255.51","trial_started"
"L0000227","CMP0011","2025-08-16T21:35:07","982.74","demo_booked"
"L0000240","CMP0008","2025-08-17T21:43:33","1777.06","demo_booked"
"L0000242","CMP0018","2025-05-29T15:26:09","1661.38","meeting_scheduled"
"L0000252","CMP0025","2025-08-15T03:31:30","326.75","trial_started"
"L0000258","CMP0017","2025-05-19T01:55:24","747.31","purchase"
"L0000261","CMP0009","2025-07-30T06:48:55","255.55","meeting_scheduled"
"L0000262","CMP0023","2025-06-05T15:28:08","360.81","demo_booked"
"L0000266","CMP0012","2025-06-22T18:58:57","404.68","meeting_scheduled"
"L0000284","CMP0027","2025-06-07T09:33:05","1895.94","meeting_scheduled"
"L0000298","CMP0003","2025-05-12T06:50:45","1332.12","demo_booked"
"L0000305","CMP0005","2025-07-21T03:02:35","452.76","trial_started"
"L0000308","CMP0008","2025-08-06T08:23:22","431.51","purchase"
"L0000319","CMP0024","2025-06-04T14:02:01","974.07","purchase"
"L0000322","CMP0010","2025-07-18T06:20:36","848.63","meeting_scheduled"
"L0000338","CMP0005","2025-08-07T00:10:01","1017.59","purchase"
"L0000342","CMP0025","2025-06-30T08:59:13","634.69","trial_started"
"L0000344","CMP0023","2025-06-12T21:34:25","1411.04","meeting_scheduled"
"L0000370","CMP0011","2025-05-18T22:29:05","738.85","purchase"
"L0000373","CMP0015","2025-08-27T06:37:01","1144.53","demo_booked"
"L0000374","CMP0024","2025-05-21T15:28:42","411.4","meeting_scheduled"
"L0000375","CMP0030","2025-06-25T03:38:58","1355.82","demo_booked"
"L0000379","CMP0029","2025-08-24T10:59:18","941.87","demo_booked"
"L0000389","CMP0030","2025-07-09T19:55:39","180.33","purchase"
"L0000390","CMP0019","2025-06-01T20:50:38","1517.76","demo_booked"
"L0000401","CMP0021","2025-08-14T00:58:35","89.79","trial_started"
"L0000411","CMP0029","2025-07-22T14:12:00","1057.66","demo_booked"
"L0000413","CMP0004","2025-06-18T11:29:15","1959.94","demo_booked"
"L0000419","CMP0017","2025-06-23T21:51:43","451.72","purchase"
"L0000421","CMP0012","2025-08-15T05:56:53","52.94","purchase"
"L0000422","CMP0024","2025-08-23T00:57:00","529.22","trial_started"
"L0000425","CMP0027","2025-06-12T03:17:21","564.61","demo_booked"
"L0000427","CMP0010","2025-05-22T19:14:45","540.07","trial_started"
"L0000430","CMP0013","2025-08-15T12:07:21","739.66","purchase"
"L0000433","CMP0005","2025-05-28T02:45:56","600.44","purchase"
"L0000438","CMP0017","2025-07-18T18:52:58","352.46","meeting_scheduled"
"L0000450","CMP0027","2025-07-30T21:16:46","1415.16","trial_started"
"L0000453","CMP0019","2025-05-24T09:41:12","1069.3","purchase"
"L0000458","CMP0026","2025-08-28T05:47:35","1934.67","trial_started"
"L0000464","CMP0002","2025-08-22T10:40:19","932.12","purchase"
"L0000473","CMP0027","2025-08-08T16:05:54","89.41","purchase"
"L0000474","CMP0003","2025-08-07T11:33:19","780.87","trial_started"
"L0000489","CMP0029","2025-06-27T12:48:12","767.24","demo_booked"
"L0000504","CMP0022","2025-08-03T06:59:47","628.29","trial_started"
"L0000527","CMP0003","2025-07-09T05:09:31","772.46","meeting_scheduled"
"L0000535","CMP0010","2025-07-30T05:29:41","765.78","purchase"
"L0000536","CMP0016","2025-08-05T21:29:39","338.71","meeting_scheduled"
"L0000539","CMP0030","2025-08-07T18:43:12","1514.66","meeting_scheduled"
"L0000542","CMP0004","2025-07-15T18:18:38","857.72","meeting_scheduled"
"L0000544","CMP0010","2025-08-05T05:25:29","259.05","trial_started"
"L0000553","CMP0005","2025-07-12T04:54:40","1028.34","trial_started"
"L0000555","CMP0001","2025-07-01T11:50:21","455.13","purchase"
"L0000560","CMP0021","2025-07-23T12:21:47","1174.59","demo_booked"
"L0000563","CMP0003","2025-08-08T19:11:48","1101.08","meeting_scheduled"
"L0000577","CMP0013","2025-06-19T20:43:52","844.83","purchase"
"L0000580","CMP0014","2025-07-28T19:26:22","1589.44","trial_started"
"L0000598","CMP0025","2025-06-09T01:56:51","781.57","meeting_scheduled"
"L0000599","CMP0029","2025-05-17T10:38:27","1291.12","meeting_scheduled"
"L0000600","CMP0009","2025-06-07T06:22:40","1701.87","meeting_scheduled"
"L0000602","CMP0013","2025-08-16T13:07:20","538.09","purchase"
"L0000603","CMP0002","2025-07-05T07:28:39","851.09","meeting_scheduled"
"L0000604","CMP0010","2025-06-26T14:05:09","1740.63","purchase"
"L0000606","CMP0013","2025-08-03T05:42:27","848.07","trial_started"
"L0000618","CMP0016","2025-08-28T04:49:38","1898.38","purchase"
"L0000620","CMP0013","2025-05-15T20:31:17","570.77","demo_booked"
"L0000621","CMP0029","2025-07-07T06:09:32","1549.75","purchase"
"L0000624","CMP0022","2025-08-25T03:45:07","299.37","trial_started"
"L0000635","CMP0030","2025-07-05T08:30:43","1376.11","demo_booked"
"L0000639","CMP0011","2025-05-05T08:53:06","817.0","trial_started"
"L0000640","CMP0003","2025-06-22T18:23:08","441.49","purchase"
"L0000642","CMP0022","2025-05-24T11:44:57","1667.73","purchase"
"L0000644","CMP0026","2025-07-29T23:33:16","1588.58","trial_started"
"L0000649","CMP0016","2025-07-03T22:04:05","1099.7","meeting_scheduled"
"L0000651","CMP0001","2025-06-23T16:53:18","733.89","meeting_scheduled"
"L0000655","CMP0008","2025-05-11T02:52:41","1569.77","demo_booked"
"L0000662","CMP0002","2025-06-20T05:21:57","1347.64","trial_started"
"L0000664","CMP0005","2025-08-23T11:35:18","1855.0","trial_started"
"L0000665","CMP0018","2025-07-09T18:17:49","285.71","trial_started"
"L0000666","CMP0011","2025-07-19T01:42:40","80.95","demo_booked"
"L0000668","CMP0014","2025-07-28T03:06:28","1206.5","meeting_scheduled"
"L0000669","CMP0028","2025-06-26T09:57:20","1656.32","demo_booked"
"L0000670","CMP0027","2025-05-17T13:35:31","917.81","meeting_scheduled"
"L0000674","CMP0017","2025-07-11T10:29:01","1969.68","meeting_scheduled"
"L0000675","CMP0010","2025-06-20T19:54:28","194.02","demo_booked"
"L0000680","CMP0019","2025-07-31T19:19:09","1139.07","purchase"
"L0000682","CMP0011","2025-08-21T20:26:21","1932.44","trial_started"
"L0000690","CMP0006","2025-05-24T11:15:37","1975.18","demo_booked"
"L0000691","CMP0026","2025-05-31T06:51:59","1601.04","meeting_scheduled"
"L0000695","CMP0011","2025-07-02T15:06:28","1004.39","trial_started"
"L0000704","CMP0008","2025-07-18T17:32:08","772.81","purchase"
"L0000708","CMP0010","2025-06-10T20:40:09","1530.73","purchase"
"L0000714","CMP0024","2025-05-05T17:14:47","1151.03","demo_booked"
"L0000725","CMP0019","2025-08-14T19:07:19","565.13","purchase"
"L0000727","CMP0022","2025-05-17T11:12:57","311.89","demo_booked"
"L0000730","CMP0009","2025-07-10T04:56:04","1429.02","trial_started"
"L0000734","CMP0014","2025-05-15T01:55:05","1987.99","purchase"
"L0000737","CMP0010","2025-06-11T03:00:56","569.48","purchase"
"L0000755","CMP0023","2025-07-05T00:58:31","513.46","demo_booked"
"L0000757","CMP0030","2025-07-24T04:10:57","714.66","trial_started"
"L0000765","CMP0020","2025-07-06T03:09:03","1364.15","demo_booked"
"L0000769","CMP0009","2025-06-10T05:22:49","457.13","trial_started"
"L0000775","CMP0007","2025-08-23T17:46:25","1714.17","trial_started"
"L0000778","CMP0015","2025-08-11T10:50:48","275.79","trial_started"
"L0000780","CMP0020","2025-06-17T16:46:05","1269.02","trial_started"
"L0000786","CMP0017","2025-06-02T18:26:42","814.36","trial_started"
"L0000791","CMP0006","2025-06-27T01:08:48","293.15","demo_booked"
"L0000812","CMP0010","2025-06-01T23:23:19","1991.52","demo_booked"
"L0000819","CMP0009","2025-08-06T04:04:40","641.66","demo_booked"
"L0000835","CMP0013","2025-07-07T11:20:48","79.79","meeting_scheduled"
"L0000838","CMP0014","2025-07-26T23:38:52","950.07","demo_booked"
"L0000842","CMP0009","2025-06-06T17:58:08","1303.76","meeting_scheduled"
"L0000845","CMP0029","2025-05-19T06:24:42","1167.33","purchase"
"L0000856","CMP0020","2025-08-08T19:05:59","1395.69","demo_booked"
"L0000871","CMP0004","2025-08-18T18:10:17","490.2","purchase"
"L0000876","CMP0002","2025-08-03T22:10:33","1090.52","purchase"
"L0000880","CMP0008","2025-08-09T00:35:35","78.99","demo_booked"
"L0000885","CMP0017","2025-06-30T23:40:44","506.47","purchase"
"L0000886","CMP0009","2025-06-28T11:16:42","172.31","purchase"
"L0000888","CMP0027","2025-05-03T04:03:37","1255.65","purchase"
"L0000893","CMP0030","2025-06-04T21:20:00","1567.06","meeting_scheduled"
"L0000898","CMP0019","2025-07-26T21:06:22","1989.89","trial_started"
"L0000901","CMP0019","2025-07-29T21:47:25","929.87","demo_booked"
"L0000903","CMP0017","2025-07-22T06:00:58","1270.68","purchase"
"L0000913","CMP0007","2025-07-11T05:57:09","1779.6","trial_started"
"L0000921","CMP0017","2025-05-12T22:09:27","1345.94","trial_started"
"L0000924","CMP0011","2025-08-24T22:25:43","952.23","trial_started"
"L0000928","CMP0011","2025-06-05T14:53:10","747.87","meeting_scheduled"
"L0000930","CMP0007","2025-07-09T14:39:05","1021.24","purchase"
"L0000931","CMP0026","2025-05-27T01:57:35","1701.94","meeting_scheduled"
"L0000941","CMP0011","2025-08-06T17:56:59","1727.68","purchase"
"L0000946","CMP0020","2025-08-27T08:14:46","396.4","meeting_scheduled"
"L0000948","CMP0020","2025-07-24T21:06:45","79.34","meeting_scheduled"
"L0000949","CMP0016","2025-06-14T14:20:15","1385.59","trial_started"
"L0000955","CMP0020","2025-05-12T15:45:08","1100.25","trial_started"
"L0000956","CMP0015","2025-06-17T04:33:46","540.38","purchase"
"L0000957","CMP0004","2025-07-22T10:35:54","917.96","meeting_scheduled"
"L0000966","CMP0011","2025-06-22T02:04:44","1834.34","trial_started"
"L0000972","CMP0027","2025-08-19T19:29:16","1958.81","demo_booked"
"L0000974","CMP0029","2025-08-18T06:19:30","1464.19","demo_booked"
"L0000980","CMP0015","2025-07-27T19:08:27","1575.92","purchase"
"L0000983","CMP0023","2025-06-16T01:26:50","159.04","trial_started"
"L0000991","CMP0016","2025-07-15T00:00:56","1584.04","meeting_scheduled"
"L0000993","CMP0011","2025-08-23T10:09:44","346.81","meeting_scheduled"
"L0000995","CMP0018","2025-05-28T17:16:32","162.4","purchase"
"L0001007","CMP0009","2025-05-27T02:48:35","282.34","trial_started"
"L0001013","CMP0014","2025-06-23T23:04:43","894.29","purchase"
"L0001014","CMP0028","2025-07-18T10:31:08","985.86","demo_booked"
"L0001018","CMP0014","2025-06-26T16:05:44","1757.46","trial_started"
"L0001019","CMP0002","2025-06-04T10:13:57","1224.74","purchase"
"L0001020","CMP0019","2025-08-12T18:33:50","731.12","trial_started"
"L0001021","CMP0004","2025-05-30T10:33:47","663.14","purchase"
"L0001028","CMP0004","2025-05-30T14:07:34","1743.66","demo_booked"
"L0001030","CMP0011","2025-08-04T12:45:37","297.6","demo_booked"
"L0001036","CMP0009","2025-07-30T03:28:43","94.82","trial_started"
"L0001053","CMP0005","2025-07-30T19:30:18","160.32","meeting_scheduled"
"L0001057","CMP0014","2025-07-30T00:44:59","1006.83","trial_started"
"L0001065","CMP0008","2025-08-19T07:35:31","821.69","trial_started"
"L0001068","CMP0030","2025-06-21T02:32:51","809.5","meeting_scheduled"
"L0001069","CMP0010","2025-06-01T11:33:02","1334.6","purchase"
"L0001074","CMP0029","2025-07-25T03:35:32","85.96","demo_booked"
"L0001077","CMP0009","2025-08-06T23:20:47","691.68","trial_started"
"L0001079","CMP0014","2025-06-09T12:46:32","995.21","meeting_scheduled"
"L0001085","CMP0015","2025-07-22T15:24:00","1346.48","meeting_scheduled"
"L0001095","CMP0026","2025-06-28T07:38:33","1356.2","trial_started"
"L0001096","CMP0003","2025-08-01T13:06:06","257.72","demo_booked"
"L0001100","CMP0013","2025-08-15T06:14:53","913.82","purchase"
"L0001101","CMP0017","2025-05-22T00:22:40","714.25","purchase"
"L0001113","CMP0004","2025-07-12T20:18:34","254.98","trial_started"
"L0001128","CMP0022","2025-07-22T07:43:07","962.52","meeting_scheduled"
"L0001130","CMP0015","2025-07-13T13:11:57","504.9","purchase"
"L0001137","CMP0024","2025-08-08T15:02:22","1026.39","demo_booked"
"L0001141","CMP0015","2025-07-05T16:03:16","1361.58","demo_booked"
"L0001142","CMP0003","2025-06-10T02:26:09","1381.68","meeting_scheduled"
"L0001149","CMP0010","2025-08-24T18:16:11","1882.06","demo_booked"
"L0001155","CMP0024","2025-07-21T01:15:30","917.59","meeting_scheduled"
"L0001165","CMP0005","2025-07-19T12:58:42","1156.11","trial_started"
"L0001174","CMP0017","2025-07-20T07:09:02","1272.37","demo_booked"
"L0001201","CMP0011","2025-06-28T00:40:49","1807.65","purchase"
"L0001239","CMP0008","2025-08-14T08:33:57","504.55","trial_started"
"L0001246","CMP0003","2025-08-08T18:39:01","1295.99","demo_booked"
"L0001247","CMP0021","2025-08-23T22:40:46","1945.41","trial_started"
"L0001250","CMP0029","2025-06-25T23:13:46","194.92","purchase"
"L0001255","CMP0030","2025-06-13T07:03:59","904.83","purchase"
"L0001256","CMP0005","2025-05-09T19:56:49","1376.46","meeting_scheduled"
"L0001257","CMP0020","2025-06-23T08:25:08","87.8","trial_started"
"L0001259","CMP0026","2025-07-25T08:50:10","986.1","meeting_scheduled"
"L0001267","CMP0022","2025-07-04T10:15:34","1547.31","meeting_scheduled"
"L0001276","CMP0021","2025-08-01T14:18:46","1949.69","meeting_scheduled"
"L0001282","CMP0018","2025-08-07T02:44:38","1579.54","purchase"
"L0001283","CMP0015","2025-07-20T01:25:07","570.18","purchase"
"L0001286","CMP0024","2025-08-06T13:24:44","673.78","meeting_scheduled"
"L0001291","CMP0002","2025-06-16T15:35:30","1997.21","trial_started"
"L0001293","CMP0016","2025-07-01T02:53:23","1235.82","meeting_scheduled"
"L0001298","CMP0030","2025-08-28T01:34:40","1456.74","purchase"
"L0001300","CMP0015","2025-08-28T00:48:18","1188.71","demo_booked"
"L0001302","CMP0012","2025-07-08T23:58:41","160.8","demo_booked"
"L0001304","CMP0010","2025-07-13T07:42:24","680.23","demo_booked"
"L0001312","CMP0030","2025-07-24T18:31:26","967.14","meeting_scheduled"
"L0001314","CMP0030","2025-07-31T12:02:30","440.78","purchase"
"L0001315","CMP0012","2025-07-19T01:11:41","937.98","purchase"
"L0001324","CMP0029","2025-08-07T12:07:13","945.33","purchase"
"L0001326","CMP0016","2025-05-26T21:49:25","1583.53","trial_started"
"L0001327","CMP0021","2025-05-29T02:51:27","1879.64","purchase"
"L0001331","CMP0030","2025-08-06T21:58:22","1006.24","demo_booked"
"L0001336","CMP0017","2025-07-29T01:30:06","1150.92","purchase"
"L0001337","CMP0023","2025-07-13T10:59:00","809.98","purchase"
"L0001339","CMP0030","2025-08-25T23:45:57","740.81","trial_started"
"L0001340","CMP0009","2025-06-14T11:10:46","838.09","demo_booked"
"L0001347","CMP0009","2025-07-02T14:13:07","1062.23","trial_started"
"L0001356","CMP0012","2025-07-22T22:11:42","1997.71","meeting_scheduled"
"L0001358","CMP0001","2025-06-19T18:30:51","1663.8","purchase"
"L0001359","CMP0005","2025-06-25T00:36:15","1355.09","meeting_scheduled"
"L0001365","CMP0010","2025-06-01T14:08:43","1076.22","demo_booked"
"L0001368","CMP0025","2025-08-24T07:34:21","898.33","purchase"
"L0001383","CMP0014","2025-08-20T09:01:22","862.33","demo_booked"
"L0001384","CMP0027","2025-08-10T13:24:33","1939.88","purchase"
"L0001385","CMP0022","2025-08-06T05:20:58","491.71","trial_started"
"L0001388","CMP0016","2025-06-30T17:34:39","1821.94","trial_started"
"L0001402","CMP0012","2025-05-17T16:48:00","1077.31","demo_booked"
"L0001403","CMP0021","2025-07-03T05:50:53","77.53","meeting_scheduled"
"L0001404","CMP0027","2025-06-08T21:10:19","123.29","demo_booked"
"L0001409","CMP0012","2025-08-26T18:01:37","1504.97","purchase"
"L0001412","CMP0014","2025-07-28T23:14:04","1119.7","demo_booked"
"L0001413","CMP0026","2025-08-04T15:56:15","1822.14","demo_booked"
"L0001420","CMP0026","2025-05-23T05:43:17","1171.25","meeting_scheduled"
"L0001429","CMP0015","2025-06-03T22:40:22","1193.02","trial_started"
"L0001440","CMP0009","2025-06-26T00:38:12","1434.63","trial_started"
"L0001446","CMP0003","2025-07-13T23:33:45","568.37","demo_booked"
"L0001449","CMP0005","2025-06-09T04:31:06","1551.37","trial_started"
"L0001453","CMP0009","2025-08-16T01:46:59","1474.97","trial_started"
"L0001454","CMP0010","2025-06-06T21:20:12","422.49","trial_started"
"L0001461","CMP0015","2025-08-09T21:31:48","1338.55","demo_booked"
"L0001467","CMP0027","2025-06-26T06:54:08","1292.19","demo_booked"
"L0001470","CMP0012","2025-07-12T04:05:48","1246.06","demo_booked"
"L0001471","CMP0019","2025-06-19T14:34:58","780.97","meeting_scheduled"
"L0001473","CMP0022","2025-08-16T03:02:10","1791.03","purchase"
"L0001476","CMP0030","2025-08-25T14:14:56","1393.95","trial_started"
"L0001478","CMP0019","2025-06-04T09:26:26","393.74","demo_booked"
"L0001479","CMP0009","2025-06-08T18:03:14","234.47","trial_started"
"L0001480","CMP0025","2025-08-04T12:07:22","1357.58","trial_started"
"L0001490","CMP0011","2025-08-02T08:23:25","1483.81","purchase"
"L0001500","CMP0029","2025-06-24T15:35:08","1935.52","purchase"
"L0001510","CMP0002","2025-05-28T19:29:18","1278.39","meeting_scheduled"
"L0001511","CMP0003","2025-08-18T05:18:15","365.5","demo_booked"
"L0001516","CMP0021","2025-07-30T16:12:21","366.01","meeting_scheduled"
"L0001518","CMP0007","2025-07-16T16:53:07","834.0","trial_started"
"L0001521","CMP0023","2025-07-12T00:06:26","1859.41","purchase"
"L0001522","CMP0001","2025-08-19T02:48:11","572.06","demo_booked"
"L0001524","CMP0001","2025-07-31T11:24:58","1268.44","meeting_scheduled"
"L0001531","CMP0011","2025-05-21T00:26:53","1453.36","meeting_scheduled"
"L0001535","CMP0007","2025-06-23T13:26:26","850.42","meeting_scheduled"
"L0001539","CMP0028","2025-06-10T18:25:00","1489.84","trial_started"
"L0001544","CMP0002","2025-08-24T15:15:08","711.06","trial_started"
"L0001546","CMP0014","2025-08-18T10:58:30","1192.82","demo_booked"
"L0001547","CMP0028","2025-07-23T23:11:19","1179.62","demo_booked"
"L0001549","CMP0013","2025-06-07T17:10:59","1617.82","meeting_scheduled"
"L0001550","CMP0017","2025-07-23T02:12:32","754.35","trial_started"
"L0001556","CMP0022","2025-08-10T05:26:28","1400.52","demo_booked"
"L0001557","CMP0014","2025-05-11T07:33:32","870.25","purchase"
"L0001563","CMP0014","2025-08-13T22:58:09","104.76","trial_started"
"L0001566","CMP0021","2025-08-15T17:41:45","556.9","demo_booked"
"L0001568","CMP0019","2025-08-01T15:35:30","1307.46","demo_booked"
"L0001572","CMP0001","2025-08-19T11:30:05","270.2","purchase"
"L0001582","CMP0022","2025-07-23T10:25:57","72.61","trial_started"
"L0001591","CMP0016","2025-08-18T08:16:00","1047.62","meeting_scheduled"
"L0001599","CMP0030","2025-06-26T15:49:57","857.99","meeting_scheduled"
"L0001602","CMP0008","2025-07-23T20:23:26","1459.63","demo_booked"
"L0001605","CMP0025","2025-08-12T00:23:15","1561.07","demo_booked"
"L0001609","CMP0023","2025-07-24T13:18:59","1310.42","demo_booked"
"L0001612","CMP0021","2025-08-05T04:32:58","690.13","purchase"
"L0001617","CMP0015","2025-06-22T19:29:24","301.4","purchase"
"L0001625","CMP0001","2025-05-04T16:29:38","1568.73","meeting_scheduled"
"L0001627","CMP0017","2025-07-27T02:25:53","385.94","demo_booked"
"L0001634","CMP0009","2025-07-29T10:01:03","1363.12","trial_started"
"L0001640","CMP0014","2025-07-22T20:07:53","280.18","trial_started"
"L0001645","CMP0002","2025-08-06T04:18:16","1917.04","meeting_scheduled"
"L0001646","CMP0028","2025-08-03T00:00:21","575.08","purchase"
"L0001661","CMP0029","2025-08-24T20:16:24","935.74","demo_booked"
"L0001670","CMP0007","2025-08-23T20:44:46","256.58","demo_booked"
"L0001672","CMP0019","2025-05-24T21:44:19","1509.78","meeting_scheduled"
"L0001682","CMP0004","2025-07-25T16:29:36","1349.9","demo_booked"
"L0001693","CMP0018","2025-08-02T17:27:22","521.32","demo_booked"
"L0001695","CMP0019","2025-07-08T17:24:33","1430.71","meeting_scheduled"
"L0001700","CMP0005","2025-05-21T01:45:05","1171.14","purchase"
"L0001702","CMP0012","2025-07-27T08:57:18","234.24","demo_booked"
"L0001704","CMP0008","2025-08-15T19:00:40","1142.07","purchase"
"L0001709","CMP0003","2025-07-31T11:49:47","410.23","meeting_scheduled"
"L0001711","CMP0015","2025-08-19T01:33:13","581.73","demo_booked"
"L0001717","CMP0014","2025-06-24T21:24:18","492.35","demo_booked"
"L0001726","CMP0030","2025-06-19T01:11:44","1915.97","demo_booked"
"L0001729","CMP0020","2025-08-10T12:04:10","1065.6","meeting_scheduled"
"L0001735","CMP0021","2025-08-22T18:51:01","1788.39","demo_booked"
"L0001757","CMP0013","2025-06-11T11:07:29","293.6","meeting_scheduled"
"L0001758","CMP0020","2025-08-05T21:16:41","460.67","purchase"
"L0001777","CMP0024","2025-06-21T18:55:42","187.3","demo_booked"
"L0001778","CMP0021","2025-06-01T09:03:02","88.7","purchase"
"L0001779","CMP0010","2025-07-30T15:15:20","417.81","demo_booked"
"L0001780","CMP0022","2025-06-11T10:52:55","368.17","purchase"
"L0001781","CMP0004","2025-07-01T17:47:39","1351.9","trial_started"
"L0001785","CMP0026","2025-06-27T16:57:01","1002.82","meeting_scheduled"
"L0001790","CMP0028","2025-07-13T08:49:35","1937.42","meeting_scheduled"
"L0001795","CMP0018","2025-07-31T20:01:34","1708.85","trial_started"
"L0001810","CMP0027","2025-08-09T22:44:51","749.03","demo_booked"
"L0001814","CMP0022","2025-06-11T03:30:51","221.97","purchase"
"L0001827","CMP0007","2025-07-22T23:50:39","1737.2","purchase"
"L0001828","CMP0003","2025-07-23T22:24:38","1881.47","meeting_scheduled"
"L0001838","CMP0010","2025-07-26T13:01:18","1635.98","meeting_scheduled"
"L0001841","CMP0021","2025-08-11T15:04:04","1726.42","trial_started"
"L0001844","CMP0026","2025-08-12T16:35:58","127.43","trial_started"
"L0001845","CMP0005","2025-08-03T17:37:39","1431.36","demo_booked"
"L0001850","CMP0004","2025-05-09T18:45:36","278.82","purchase"
"L0001851","CMP0001","2025-07-01T15:56:04","1925.93","trial_started"
"L0001858","CMP0008","2025-08-09T03:55:00","1317.97","meeting_scheduled"
"L0001860","CMP0017","2025-05-29T19:21:22","305.7","demo_booked"
"L0001865","CMP0008","2025-08-16T12:45:15","1936.29","meeting_scheduled"
"L0001888","CMP0029","2025-07-02T15:54:18","1929.16","purchase"
"L0001892","CMP0029","2025-07-16T06:30:17","1453.6","demo_booked"
"L0001902","CMP0015","2025-06-24T04:12:49","1878.53","trial_started"
"L0001904","CMP0028","2025-08-18T07:21:59","1463.73","demo_booked"
"L0001905","CMP0008","2025-06-27T14:09:41","184.59","meeting_scheduled"
"L0001906","CMP0015","2025-08-25T04:27:00","1758.72","trial_started"
"L0001910","CMP0003","2025-07-28T12:22:20","1453.16","trial_started"
"L0001924","CMP0009","2025-08-03T20:54:13","1947.59","purchase"
"L0001925","CMP0023","2025-08-15T21:18:44","1894.93","purchase"
"L0001939","CMP0020","2025-07-18T02:46:49","230.95","purchase"
"L0001946","CMP0018","2025-06-29T13:36:34","614.99","meeting_scheduled"
"L0001953","CMP0017","2025-08-02T14:34:12","1182.92","meeting_scheduled"
"L0001955","CMP0016","2025-08-01T20:27:45","230.46","purchase"
"L0001960","CMP0023","2025-08-04T00:13:59","254.81","demo_booked"
"L0001969","CMP0009","2025-07-22T21:42:25","1331.71","purchase"
"L0001971","CMP0008","2025-08-15T12:25:47","1764.92","demo_booked"
"L0001975","CMP0002","2025-08-10T07:21:46","1774.35","purchase"
"L0001983","CMP0023","2025-07-28T21:59:16","372.03","meeting_scheduled"
"L0001987","CMP0016","2025-07-02T04:13:56","1483.84","trial_started"
"L0001992","CMP0019","2025-05-11T09:33:07","1642.33","meeting_scheduled"
"L0001993","CMP0007","2025-07-11T00:52:39","308.57","trial_started"
"L0001998","CMP0004","2025-08-11T01:14:31","1128.76","meeting_scheduled"
"L0002001","CMP0012","2025-08-20T14:19:20","357.74","trial_started"
"L0002005","CMP0014","2025-07-02T12:17:04","187.21","meeting_scheduled"
"L0002009","CMP0011","2025-05-29T18:32:42","585.94","trial_started"
"L0002010","CMP0012","2025-07-24T11:08:53","1699.99","demo_booked"
"L0002013","CMP0018","2025-08-27T22:58:08","1891.16","meeting_scheduled"
"L0002024","CMP0018","2025-08-02T12:14:14","936.45","meeting_scheduled"
"L0002030","CMP0023","2025-08-01T02:34:35","1188.33","meeting_scheduled"
"L0002033","CMP0026","2025-08-01T02:57:49","1396.18","demo_booked"
"L0002035","CMP0008","2025-08-26T23:58:47","677.81","demo_booked"
"L0002041","CMP0019","2025-08-09T11:30:37","1366.68","demo_booked"
"L0002044","CMP0027","2025-08-04T16:59:14","639.56","purchase"
"L0002045","CMP0021","2025-07-31T14:36:40","1794.68","purchase"
"L0002049","CMP0007","2025-08-10T18:52:16","392.4","purchase"
"L0002064","CMP0009","2025-08-20T09:31:04","287.06","demo_booked"
"L0002082","CMP0020","2025-08-15T20:35:41","818.55","purchase"
"L0002086","CMP0023","2025-08-06T15:08:50","257.09","trial_started"
"L0002088","CMP0018","2025-08-13T09:06:49","206.21","meeting_scheduled"
"L0002092","CMP0018","2025-08-19T18:53:05","1084.71","demo_booked"
"L0002095","CMP0022","2025-07-01T04:22:45","1743.25","meeting_scheduled"
"L0002101","CMP0026","2025-05-23T13:02:32","265.1","meeting_scheduled"
"L0002108","CMP0030","2025-08-11T11:01:21","1091.81","demo_booked"
"L0002109","CMP0001","2025-05-26T21:53:38","1432.52","trial_started"
"L0002111","CMP0012","2025-07-28T16:25:43","383.94","demo_booked"
"L0002115","CMP0026","2025-08-13T21:02:54","91.16","demo_booked"
"L0002129","CMP0002","2025-07-22T17:32:43","1471.97","meeting_scheduled"
"L0002138","CMP0012","2025-07-29T23:31:30","653.36","demo_booked"
"L0002140","CMP0022","2025-06-23T03:10:25","994.86","demo_booked"
"L0002144","CMP0012","2025-07-10T23:28:43","539.23","meeting_scheduled"
"L0002159","CMP0012","2025-06-22T04:25:23","500.9","meeting_scheduled"
"L0002164","CMP0011","2025-07-20T22:19:48","1279.61","meeting_scheduled"
"L0002173","CMP0030","2025-07-04T14:21:05","216.34","meeting_scheduled"
"L0002180","CMP0004","2025-08-26T05:31:20","1518.8","meeting_scheduled"
"L0002181","CMP0015","2025-07-21T04:14:32","204.76","purchase"
"L0002188","CMP0021","2025-08-04T22:38:06","517.74","trial_started"
"L0002198","CMP0001","2025-07-12T19:22:10","900.82","demo_booked"
"L0002201","CMP0021","2025-08-17T12:13:49","1760.6","purchase"
"L0002214","CMP0030","2025-06-07T20:11:42","1853.74","purchase"
"L0002227","CMP0022","2025-07-10T11:25:23","290.78","meeting_scheduled"
"L0002229","CMP0025","2025-07-16T08:38:02","1773.52","meeting_scheduled"
"L0002245","CMP0022","2025-05-28T20:50:18","1010.81","trial_started"
"L0002249","CMP0005","2025-07-13T14:13:23","1530.66","purchase"
"L0002250","CMP0020","2025-07-30T07:30:06","377.06","meeting_scheduled"
"L0002252","CMP0008","2025-08-12T04:35:30","1362.49","meeting_scheduled"
"L0002260","CMP0006","2025-07-01T19:08:47","1662.15","purchase"
"L0002265","CMP0027","2025-06-06T20:31:37","1811.22","meeting_scheduled"
"L0002266","CMP0027","2025-07-28T09:52:14","1094.44","meeting_scheduled"
"L0002267","CMP0006","2025-06-04T11:15:54","1238.31","demo_booked"
"L0002276","CMP0014","2025-06-28T18:42:17","1828.86","trial_started"
"L0002279","CMP0009","2025-06-18T01:28:21","1120.41","trial_started"
"L0002282","CMP0004","2025-07-01T17:44:20","1875.36","trial_started"
"L0002283","CMP0006","2025-07-10T04:14:15","95.18","trial_started"
"L0002284","CMP0001","2025-07-09T14:38:21","276.87","demo_booked"
"L0002287","CMP0011","2025-07-17T11:16:37","1145.44","trial_started"
"L0002292","CMP0010","2025-08-21T17:41:55","64.07","demo_booked"
"L0002293","CMP0007","2025-06-25T08:24:25","1997.52","demo_booked"
"L0002294","CMP0007","2025-08-05T06:18:55","1448.69","trial_started"
"L0002305","CMP0003","2025-05-25T09:25:00","1498.42","meeting_scheduled"
"L0002312","CMP0027","2025-06-23T17:43:51","834.29","trial_started"
"L0002334","CMP0001","2025-06-11T15:33:38","658.69","trial_started"
"L0002346","CMP0029","2025-07-23T20:44:13","1379.51","meeting_scheduled"
"L0002353","CMP0019","2025-08-25T23:25:44","804.78","purchase"
"L0002355","CMP0001","2025-08-12T10:30:37","1977.78","purchase"
"L0002358","CMP0002","2025-08-20T20:16:13","384.27","meeting_scheduled"
"L0002364","CMP0011","2025-07-13T01:41:42","60.2","demo_booked"
"L0002366","CMP0005","2025-08-13T11:40:23","244.86","demo_booked"
"L0002370","CMP0002","2025-07-16T07:02:09","1720.5","demo_booked"
"L0002379","CMP0005","2025-05-11T03:53:03","160.57","meeting_scheduled"
"L0002384","CMP0017","2025-07-01T01:33:43","1799.56","meeting_scheduled"
"L0002388","CMP0021","2025-07-25T15:40:05","1559.75","meeting_scheduled"
"L0002392","CMP0024","2025-08-21T07:31:58","508.39","trial_started"
"L0002398","CMP0028","2025-07-22T11:44:30","1035.07","meeting_scheduled"
"L0002399","CMP0013","2025-08-08T23:48:58","1405.05","demo_booked"
"L0002402","CMP0004","2025-08-06T06:13:23","266.85","purchase"
"L0002403","CMP0026","2025-08-16T07:25:42","1102.82","demo_booked"
"L0002408","CMP0020","2025-07-21T01:57:13","1766.99","demo_booked"
"L0002411","CMP0010","2025-08-12T19:36:42","1210.82","demo_booked"
"L0002417","CMP0014","2025-07-08T19:02:25","69.89","purchase"
"L0002430","CMP0012","2025-05-18T10:18:01","868.96","demo_booked"
"L0002436","CMP0023","2025-06-18T00:50:42","866.07","purchase"
"L0002437","CMP0030","2025-06-13T12:26:57","468.11","trial_started"
"L0002440","CMP0020","2025-05-23T06:24:51","62.2","trial_started"
"L0002442","CMP0001","2025-07-10T17:28:07","959.1","purchase"
"L0002445","CMP0030","2025-08-27T04:58:12","1346.99","demo_booked"
"L0002446","CMP0012","2025-06-16T19:05:39","1177.84","purchase"
"L0002451","CMP0027","2025-08-03T22:18:13","387.21","meeting_scheduled"
"L0002465","CMP0021","2025-08-14T01:00:13","808.13","demo_booked"
"L0002468","CMP0005","2025-06-04T13:47:04","1657.88","demo_booked"
"L0002473","CMP0011","2025-06-24T00:25:25","1562.84","purchase"
"L0002475","CMP0030","2025-05-03T13:07:43","838.7","meeting_scheduled"
"L0002477","CMP0030","2025-06-13T09:00:18","489.93","demo_booked"
"L0002478","CMP0007","2025-07-11T03:16:40","58.24","meeting_scheduled"
"L0002480","CMP0017","2025-05-27T09:29:37","530.06","meeting_scheduled"
"L0002483","CMP0018","2025-05-28T18:15:24","761.51","demo_booked"
"L0002484","CMP0017","2025-07-11T21:56:32","993.21","meeting_scheduled"
"L0002488","CMP0027","2025-08-09T19:05:56","1646.67","trial_started"
"L0002493","CMP0028","2025-08-03T01:34:16","1238.11","purchase"
"L0002498","CMP0012","2025-08-08T20:28:25","1767.82","purchase"
"L0002502","CMP0006","2025-07-09T13:59:37","996.23","demo_booked"
"L0002505","CMP0027","2025-05-16T22:28:53","1084.35","demo_booked"
"L0002519","CMP0021","2025-05-31T13:01:15","569.88","meeting_scheduled"
"L0002544","CMP0028","2025-08-17T12:12:17","1117.41","purchase"
"L0002547","CMP0013","2025-07-31T01:02:25","275.34","trial_started"
"L0002550","CMP0016","2025-08-03T07:31:46","991.24","meeting_scheduled"
"L0002551","CMP0024","2025-07-15T14:12:09","790.68","meeting_scheduled"
"L0002563","CMP0018","2025-07-26T16:44:48","1216.28","purchase"
"L0002564","CMP0016","2025-07-24T14:14:22","1078.8","purchase"
"L0002565","CMP0018","2025-08-27T01:42:13","734.14","meeting_scheduled"
"L0002572","CMP0024","2025-06-10T07:26:26","1612.49","trial_started"
"L0002575","CMP0008","2025-08-21T09:51:09","978.86","meeting_scheduled"
"L0002588","CMP0022","2025-06-19T17:33:44","1563.94","purchase"
"L0002589","CMP0020","2025-06-17T02:41:34","1395.57","trial_started"
"L0002594","CMP0017","2025-06-18T00:48:43","739.62","purchase"
"L0002598","CMP0027","2025-07-13T08:29:04","1889.06","meeting_scheduled"
"L0002600","CMP0009","2025-08-05T21:31:27","1067.51","demo_booked"
"L0002608","CMP0016","2025-07-02T19:17:20","1969.49","meeting_scheduled"
"L0002610","CMP0008","2025-05-18T14:55:26","979.67","purchase"
"L0002612","CMP0004","2025-08-20T16:55:17","1577.49","trial_started"
"L0002613","CMP0029","2025-08-11T08:31:12","1223.5","purchase"
"L0002620","CMP0023","2025-06-16T12:56:13","1628.27","meeting_scheduled"
"L0002635","CMP0007","2025-07-22T15:15:06","1501.93","purchase"
"L0002639","CMP0001","2025-07-18T18:49:55","1721.37","purchase"
"L0002643","CMP0020","2025-06-05T13:08:38","777.06","purchase"
"L0002656","CMP0005","2025-07-12T10:57:04","1710.0","meeting_scheduled"
"L0002657","CMP0002","2025-07-09T18:16:52","663.71","trial_started"
"L0002664","CMP0008","2025-08-16T06:59:03","803.67","demo_booked"
"L0002665","CMP0016","2025-08-19T16:50:11","1011.63","demo_booked"
"L0002672","CMP0028","2025-08-23T01:09:54","1785.91","meeting_scheduled"
"L0002673","CMP0018","2025-07-20T12:03:43","1118.01","trial_started"
"L0002674","CMP0002","2025-08-19T20:22:20","225.32","purchase"
"L0002677","CMP0015","2025-07-06T14:01:10","1055.64","trial_started"
"L0002680","CMP0019","2025-07-05T23:49:40","480.93","demo_booked"
"L0002682","CMP0027","2025-06-15T05:24:00","1461.84","meeting_scheduled"
"L0002683","CMP0026","2025-08-19T23:00:58","272.95","meeting_scheduled"
"L0002686","CMP0002","2025-06-12T21:14:06","945.34","trial_started"
"L0002691","CMP0007","2025-08-01T16:24:13","588.53","meeting_scheduled"
"L0002692","CMP0014","2025-05-10T17:30:01","1205.09","demo_booked"
"L0002694","CMP0019","2025-06-10T22:28:18","955.39","meeting_scheduled"
"L0002695","CMP0029","2025-08-16T12:00:48","1390.39","purchase"
"L0002699","CMP0008","2025-08-15T06:22:44","968.49","purchase"
"L0002709","CMP0010","2025-07-21T03:38:52","1488.47","trial_started"
"L0002731","CMP0014","2025-07-09T00:30:06","1779.93","meeting_scheduled"
"L0002732","CMP0004","2025-07-16T13:33:55","1605.73","demo_booked"
"L0002741","CMP0001","2025-07-27T14:32:42","1175.7","trial_started"
"L0002746","CMP0027","2025-07-04T09:38:57","500.01","demo_booked"
"L0002761","CMP0011","2025-08-23T14:03:25","1467.21","meeting_scheduled"
"L0002764","CMP0028","2025-07-24T21:41:09","1537.27","meeting_scheduled"
"L0002770","CMP0030","2025-08-01T02:35:00","1132.02","purchase"
"L0002777","CMP0024","2025-08-25T18:52:49","579.85","demo_booked"
"L0002782","CMP0017","2025-07-27T10:22:13","586.03","meeting_scheduled"
"L0002783","CMP0023","2025-08-02T18:13:38","1070.51","purchase"
"L0002790","CMP0017","2025-07-12T16:28:56","1720.26","trial_started"
"L0002796","CMP0015","2025-08-06T22:37:48","282.87","purchase"
"L0002797","CMP0013","2025-07-19T13:23:07","1090.1","meeting_scheduled"
"L0002798","CMP0008","2025-07-07T15:28:46","1409.66","meeting_scheduled"
"L0002808","CMP0024","2025-08-06T12:35:32","74.07","meeting_scheduled"
"L0002810","CMP0022","2025-06-14T10:39:36","1636.91","meeting_scheduled"
"L0002812","CMP0008","2025-08-02T19:20:36","1045.62","purchase"
"L0002816","CMP0001","2025-08-27T21:47:33","1699.02","demo_booked"
"L0002834","CMP0013","2025-06-09T05:18:03","1795.75","purchase"
"L0002844","CMP0028","2025-08-20T12:19:07","780.11","purchase"
"L0002850","CMP0013","2025-08-25T03:34:01","1614.34","meeting_scheduled"
"L0002858","CMP0027","2025-08-07T08:45:17","1697.27","trial_started"
"L0002866","CMP0008","2025-07-14T03:35:37","1404.24","meeting_scheduled"
"L0002868","CMP0030","2025-08-12T03:57:49","514.34","meeting_scheduled"
"L0002873","CMP0023","2025-05-13T08:46:39","1050.24","trial_started"
"L0002881","CMP0016","2025-07-22T11:28:34","1056.38","demo_booked"
"L0002883","CMP0014","2025-06-28T10:48:05","1856.78","meeting_scheduled"
"L0002886","CMP0028","2025-06-25T22:20:37","1377.61","purchase"
"L0002893","CMP0025","2025-08-11T21:06:56","1507.65","purchase"
"L0002897","CMP0012","2025-08-21T00:03:16","414.66","purchase"
"L0002899","CMP0021","2025-08-11T00:54:54","1458.12","demo_booked"
"L0002901","CMP0018","2025-06-29T21:01:45","1464.72","demo_booked"
"L0002903","CMP0008","2025-07-20T22:00:39","970.19","demo_booked"
"L0002904","CMP0019","2025-08-06T04:34:58","900.41","demo_booked"
"L0002906","CMP0014","2025-06-24T21:46:15","378.99","purchase"
"L0002907","CMP0027","2025-08-02T13:22:13","1376.98","meeting_scheduled"
"L0002908","CMP0003","2025-08-12T04:14:10","748.91","purchase"
"L0002909","CMP0030","2025-06-13T17:19:50","719.65","demo_booked"
"L0002912","CMP0024","2025-08-07T22:15:08","1029.58","meeting_scheduled"
"L0002916","CMP0005","2025-06-13T22:10:06","1341.82","demo_booked"
"L0002919","CMP0022","2025-06-30T08:07:10","1003.27","purchase"
"L0002929","CMP0029","2025-08-16T21:42:50","882.79","trial_started"
"L0002939","CMP0008","2025-07-29T08:40:34","1355.45","trial_started"
"L0002942","CMP0012","2025-08-26T06:46:55","1232.8","trial_started"
"L0002945","CMP0019","2025-05-14T09:07:03","574.54","purchase"
"L0002948","CMP0023","2025-06-16T13:42:17","1981.85","meeting_scheduled"
"L0002950","CMP0005","2025-07-31T06:37:18","1933.67","demo_booked"
"L0002955","CMP0023","2025-08-04T09:55:45","204.39","trial_started"
"L0002963","CMP0002","2025-05-28T17:19:13","1307.75","purchase"
"L0002967","CMP0005","2025-06-17T15:45:31","1796.66","demo_booked"
"L0002970","CMP0023","2025-05-27T02:31:58","472.57","meeting_scheduled"
"L0002981","CMP0002","2025-08-16T20:24:58","984.52","demo_booked"
"L0002988","CMP0027","2025-08-06T09:09:01","422.17","purchase"
"L0002992","CMP0028","2025-06-27T05:59:22","1196.6","meeting_scheduled"
"L0002999","CMP0027","2025-08-22T22:54:28","1892.47","meeting_scheduled"
"L0003007","CMP0006","2025-07-21T01:09:55","730.36","demo_booked"
"L0003008","CMP0012","2025-07-20T10:26:24","56.16","purchase"
"L0003010","CMP0002","2025-08-03T00:06:52","1892.59","meeting_scheduled"
"L0003012","CMP0017","2025-07-09T04:38:38","1786.29","purchase"
"L0003021","CMP0001","2025-08-25T10:00:53","263.94","trial_started"
"L0003025","CMP0015","2025-07-16T07:13:37","792.77","purchase"
"L0003029","CMP0005","2025-06-16T04:03:49","1694.44","meeting_scheduled"
"L0003030","CMP0001","2025-07-02T23:54:45","366.26","meeting_scheduled"
"L0003037","CMP0022","2025-07-10T09:43:09","242.32","demo_booked"
"L0003045","CMP0006","2025-06-21T00:56:02","759.11","purchase"
"L0003052","CMP0014","2025-08-19T10:29:56","661.36","meeting_scheduled"
"L0003055","CMP0022","2025-08-03T17:32:50","337.01","meeting_scheduled"
"L0003056","CMP0021","2025-08-14T08:24:05","1491.51","trial_started"
"L0003059","CMP0014","2025-06-24T05:12:24","732.62","meeting_scheduled"
"L0003071","CMP0014","2025-07-15T23:15:35","287.41","meeting_scheduled"
"L0003081","CMP0015","2025-08-01T17:44:27","383.97","trial_started"
"L0003082","CMP0008","2025-08-03T09:15:46","1553.74","purchase"
"L0003083","CMP0018","2025-08-08T08:38:49","1706.17","purchase"
"L0003084","CMP0025","2025-06-08T15:39:34","1154.62","trial_started"
"L0003085","CMP0009","2025-07-17T06:00:52","83.34","trial_started"
"L0003087","CMP0001","2025-08-10T22:49:56","1722.11","purchase"
"L0003089","CMP0024","2025-08-28T11:47:43","1875.22","trial_started"
"L0003094","CMP0009","2025-05-31T18:32:05","532.85","purchase"
"L0003098","CMP0016","2025-06-28T03:41:55","200.36","demo_booked"
"L0003109","CMP0026","2025-06-19T15:59:32","1223.85","demo_booked"
"L0003112","CMP0018","2025-07-07T23:55:52","65.88","meeting_scheduled"
"L0003113","CMP0026","2025-08-03T02:43:19","91.44","meeting_scheduled"
"L0003118","CMP0021","2025-06-22T10:04:57","387.48","purchase"
"L0003122","CMP0025","2025-08-12T23:51:28","1864.56","demo_booked"
"L0003124","CMP0026","2025-07-15T00:30:31","580.36","meeting_scheduled"
"L0003125","CMP0006","2025-08-11T15:37:46","706.47","demo_booked"
"L0003129","CMP0001","2025-08-25T03:08:32","636.66","meeting_scheduled"
"L0003132","CMP0015","2025-06-12T10:40:16","304.77","purchase"
"L0003135","CMP0001","2025-05-30T17:31:31","1859.05","demo_booked"
"L0003136","CMP0029","2025-07-10T15:27:59","1811.73","meeting_scheduled"
"L0003137","CMP0014","2025-08-13T12:11:03","1644.72","meeting_scheduled"
"L0003144","CMP0028","2025-06-05T14:26:42","1337.41","trial_started"
"L0003166","CMP0024","2025-06-10T12:52:33","383.57","meeting_scheduled"
"L0003171","CMP0020","2025-07-24T14:41:14","943.43","meeting_scheduled"
"L0003172","CMP0027","2025-08-24T06:08:46","1256.19","purchase"
"L0003177","CMP0008","2025-07-02T13:51:42","1570.8","purchase"
"L0003181","CMP0008","2025-08-04T06:04:07","1000.04","meeting_scheduled"
"L0003182","CMP0010","2025-07-20T14:50:07","253.58","demo_booked"
"L0003183","CMP0004","2025-07-29T14:20:30","1636.15","trial_started"
"L0003186","CMP0023","2025-06-29T03:24:25","143.57","trial_started"
"L0003187","CMP0029","2025-07-13T01:57:53","1353.69","trial_started"
"L0003199","CMP0013","2025-06-25T07:33:37","974.98","meeting_scheduled"
"L0003202","CMP0019","2025-08-24T14:31:08","874.48","meeting_scheduled"
"L0003203","CMP0026","2025-05-16T15:59:27","1237.52","demo_booked"
"L0003205","CMP0021","2025-06-28T18:27:06","1723.25","purchase"
"L0003223","CMP0002","2025-05-06T18:41:13","1411.37","demo_booked"
"L0003226","CMP0007","2025-07-28T23:53:59","232.53","trial_started"
"L0003232","CMP0003","2025-07-30T17:03:44","1856.59","meeting_scheduled"
"L0003235","CMP0020","2025-07-26T10:53:40","299.37","trial_started"
"L0003239","CMP0010","2025-08-23T05:48:48","1869.73","purchase"
"L0003246","CMP0019","2025-07-27T15:40:31","1103.84","meeting_scheduled"
"L0003254","CMP0027","2025-07-27T18:26:34","318.14","purchase"
"L0003255","CMP0003","2025-08-15T17:54:05","1176.74","demo_booked"
"L0003276","CMP0008","2025-08-20T16:55:36","1955.0","purchase"
"L0003280","CMP0018","2025-08-27T01:24:03","676.86","demo_booked"
"L0003294","CMP0026","2025-05-22T19:22:21","1919.9","meeting_scheduled"
"L0003297","CMP0017","2025-07-13T11:27:56","940.22","meeting_scheduled"
"L0003304","CMP0003","2025-06-18T06:16:03","328.53","meeting_scheduled"
"L0003305","CMP0012","2025-06-01T14:42:59","627.69","purchase"
"L0003322","CMP0025","2025-08-18T11:24:52","1538.05","purchase"
"L0003333","CMP0003","2025-07-24T12:40:13","1362.55","purchase"
"L0003334","CMP0005","2025-06-09T08:53:48","570.54","trial_started"
"L0003336","CMP0009","2025-06-01T11:34:05","162.82","purchase"
"L0003342","CMP0002","2025-06-06T21:53:36","242.98","trial_started"
"L0003343","CMP0002","2025-08-15T20:36:11","348.97","demo_booked"
"L0003344","CMP0013","2025-08-05T20:54:21","636.9","purchase"
"L0003353","CMP0023","2025-08-12T15:28:29","653.31","purchase"
"L0003359","CMP0020","2025-06-22T04:57:03","827.27","meeting_scheduled"
"L0003361","CMP0015","2025-08-25T05:25:39","1973.95","demo_booked"
"L0003378","CMP0016","2025-06-13T06:55:38","1377.85","purchase"
"L0003380","CMP0007","2025-05-27T05:10:10","465.78","meeting_scheduled"
"L0003383","CMP0004","2025-08-06T04:21:09","900.66","trial_started"
"L0003385","CMP0025","2025-07-17T15:49:39","696.49","meeting_scheduled"
"L0003391","CMP0026","2025-08-13T08:50:23","856.33","meeting_scheduled"
"L0003392","CMP0015","2025-06-12T17:54:22","211.66","demo_booked"
"L0003393","CMP0013","2025-05-27T09:57:04","1994.63","meeting_scheduled"
"L0003402","CMP0030","2025-08-15T10:42:15","316.1","trial_started"
"L0003414","CMP0002","2025-06-05T03:44:45","1121.67","purchase"
"L0003421","CMP0008","2025-07-03T15:42:22","1761.13","purchase"
"L0003425","CMP0016","2025-07-30T03:24:24","1936.14","meeting_scheduled"
"L0003428","CMP0030","2025-05-25T02:52:48","386.9","trial_started"
"L0003429","CMP0009","2025-05-18T09:50:12","279.4","meeting_scheduled"
"L0003430","CMP0005","2025-08-16T07:46:47","1526.48","purchase"
"L0003431","CMP0027","2025-08-25T22:54:46","655.89","trial_started"
"L0003446","CMP0018","2025-07-17T07:03:27","1738.62","meeting_scheduled"
"L0003459","CMP0010","2025-08-18T12:39:43","1041.82","purchase"
"L0003463","CMP0020","2025-06-12T00:39:19","683.4","purchase"
"L0003466","CMP0013","2025-06-28T16:14:28","119.1","meeting_scheduled"
"L0003480","CMP0020","2025-06-17T18:01:29","1065.58","trial_started"
"L0003483","CMP0010","2025-08-25T13:57:12","1301.06","trial_started"
"L0003497","CMP0006","2025-08-04T11:55:25","514.23","trial_started"
"L0003502","CMP0005","2025-08-12T04:56:01","1544.75","trial_started"
"L0003509","CMP0024","2025-07-21T08:39:46","1881.87","meeting_scheduled"
"L0003511","CMP0003","2025-07-18T23:02:54","1762.73","meeting_scheduled"
"L0003527","CMP0030","2025-06-19T00:32:02","1230.29","purchase"
"L0003532","CMP0001","2025-06-14T13:22:56","1685.81","trial_started"
"L0003539","CMP0009","2025-08-14T06:04:39","126.06","demo_booked"
"L0003543","CMP0017","2025-08-16T07:08:59","1376.2","trial_started"
"L0003548","CMP0026","2025-06-09T15:51:32","1152.91","demo_booked"
"L0003549","CMP0004","2025-08-21T08:24:12","623.88","purchase"
"L0003553","CMP0016","2025-07-22T03:49:42","622.61","demo_booked"
"L0003559","CMP0017","2025-06-25T04:40:59","149.5","demo_booked"
"L0003562","CMP0017","2025-06-01T01:50:45","453.75","demo_booked"
"L0003564","CMP0023","2025-08-27T21:20:39","1441.74","meeting_scheduled"
"L0003566","CMP0022","2025-08-19T02:26:10","1907.7","demo_booked"
"L0003581","CMP0001","2025-07-13T10:14:04","513.4","meeting_scheduled"
"L0003594","CMP0001","2025-07-01T11:23:36","830.92","purchase"
"L0003595","CMP0027","2025-08-10T12:04:05","452.47","trial_started"
"L0003596","CMP0008","2025-08-11T23:21:47","315.79","trial_started"
"L0003600","CMP0022","2025-07-21T06:01:02","244.72","demo_booked"
"L0003601","CMP0029","2025-05-21T07:08:14","676.22","trial_started"
"L0003608","CMP0022","2025-06-07T23:10:40","1448.57","trial_started"
"L0003609","CMP0014","2025-07-18T08:59:15","1409.42","demo_booked"
"L0003613","CMP0020","2025-07-08T07:41:36","483.09","demo_booked"
"L0003623","CMP0003","2025-07-28T17:21:24","1261.65","trial_started"
"L0003625","CMP0026","2025-08-03T15:19:17","1802.88","meeting_scheduled"
"L0003633","CMP0029","2025-07-26T04:46:38","1199.22","trial_started"
"L0003636","CMP0019","2025-08-09T23:03:21","1536.25","demo_booked"
"L0003641","CMP0021","2025-07-06T20:29:38","385.91","trial_started"
"L0003648","CMP0022","2025-06-23T08:27:32","807.66","trial_started"
"L0003653","CMP0028","2025-07-05T09:41:01","1535.04","meeting_scheduled"
"L0003655","CMP0011","2025-07-17T01:43:41","1181.97","meeting_scheduled"
"L0003661","CMP0025","2025-07-29T17:35:40","411.91","meeting_scheduled"
"L0003668","CMP0030","2025-08-18T08:18:22","428.15","trial_started"
"L0003674","CMP0025","2025-07-11T04:39:57","1506.72","trial_started"
"L0003675","CMP0030","2025-05-07T10:26:23","228.55","demo_booked"
"L0003695","CMP0002","2025-08-09T04:54:14","1625.16","purchase"
"L0003703","CMP0023","2025-06-01T10:20:27","1680.9","purchase"
"L0003710","CMP0007","2025-06-24T00:42:43","1048.72","demo_booked"
"L0003712","CMP0018","2025-06-01T22:02:59","1800.25","trial_started"
"L0003726","CMP0004","2025-06-13T04:34:05","1162.44","trial_started"
"L0003731","CMP0003","2025-07-25T16:44:35","952.72","meeting_scheduled"
"L0003734","CMP0023","2025-07-02T02:59:21","1055.78","purchase"
"L0003760","CMP0010","2025-07-27T02:48:50","1711.09","meeting_scheduled"
"L0003767","CMP0027","2025-08-22T08:18:05","321.34","demo_booked"
"L0003771","CMP0022","2025-08-09T05:24:16","1282.16","trial_started"
"L0003774","CMP0022","2025-06-26T11:49:05","1235.88","demo_booked"
"L0003775","CMP0016","2025-06-08T06:44:18","141.37","demo_booked"
"L0003777","CMP0008","2025-08-20T00:10:04","1605.86","purchase"
"L0003786","CMP0004","2025-07-31T20:43:45","966.1","demo_booked"
"L0003803","CMP0014","2025-07-11T14:17:43","1364.01","purchase"
"L0003805","CMP0027","2025-08-24T03:35:06","863.53","purchase"
"L0003815","CMP0024","2025-07-20T06:33:48","1532.02","demo_booked"
"L0003819","CMP0003","2025-05-25T23:36:50","1656.38","trial_started"
"L0003823","CMP0017","2025-06-23T15:02:41","417.23","demo_booked"
"L0003829","CMP0021","2025-06-13T22:00:06","738.03","meeting_scheduled"
"L0003835","CMP0016","2025-05-30T17:00:09","1791.27","demo_booked"
"L0003837","CMP0029","2025-08-26T15:30:59","52.06","meeting_scheduled"
"L0003838","CMP0009","2025-08-08T18:02:12","1438.8","demo_booked"
"L0003839","CMP0005","2025-07-06T08:21:23","1910.77","purchase"
"L0003840","CMP0014","2025-06-28T20:18:18","63.33","meeting_scheduled"
"L0003842","CMP0030","2025-07-23T01:23:42","664.52","demo_booked"
"L0003853","CMP0016","2025-07-13T15:48:24","109.21","meeting_scheduled"
"L0003863","CMP0018","2025-06-14T23:22:09","224.38","purchase"
"L0003872","CMP0029","2025-08-12T14:10:48","1123.19","meeting_scheduled"
"L0003875","CMP0008","2025-05-27T00:23:21","407.75","trial_started"
"L0003877","CMP0021","2025-05-29T00:02:02","420.44","trial_started"
"L0003892","CMP0009","2025-07-23T07:00:49","1442.95","trial_started"
"L0003913","CMP0028","2025-08-14T20:16:03","1848.05","purchase"
"L0003924","CMP0008","2025-08-23T08:42:15","1341.38","purchase"
"L0003930","CMP0010","2025-08-17T00:21:41","1032.07","purchase"
"L0003950","CMP0027","2025-06-30T12:32:12","1336.28","purchase"
"L0003952","CMP0022","2025-08-26T06:48:41","1684.53","trial_started"
"L0003956","CMP0023","2025-06-20T07:49:26","929.45","trial_started"
"L0003959","CMP0014","2025-07-09T11:46:25","1272.44","meeting_scheduled"
"L0003962","CMP0023","2025-05-06T22:24:49","333.42","purchase"
"L0003975","CMP0028","2025-06-24T22:42:42","1406.92","meeting_scheduled"
"L0003990","CMP0003","2025-06-07T06:47:51","1945.38","demo_booked"
"L0003995","CMP0030","2025-08-25T15:04:41","436.71","demo_booked"
"L0003996","CMP0029","2025-08-13T21:48:41","319.04","trial_started"
"L0004005","CMP0001","2025-08-04T05:17:22","984.02","demo_booked"
"L0004010","CMP0020","2025-06-07T09:06:50","858.44","purchase"
"L0004028","CMP0003","2025-05-11T16:31:17","1805.76","demo_booked"
"L0004029","CMP0018","2025-05-10T19:52:47","1185.43","demo_booked"
"L0004030","CMP0024","2025-08-26T02:23:22","1138.76","meeting_scheduled"
"L0004035","CMP0006","2025-08-22T12:41:58","1617.96","trial_started"
"L0004038","CMP0010","2025-08-12T15:31:06","1278.31","demo_booked"
"L0004048","CMP0026","2025-06-23T21:15:23","1705.89","purchase"
"L0004062","CMP0022","2025-07-27T15:49:16","694.51","demo_booked"
"L0004063","CMP0005","2025-06-08T00:38:32","830.21","demo_booked"
"L0004067","CMP0002","2025-08-19T08:03:57","568.92","meeting_scheduled"
"L0004078","CMP0029","2025-08-21T18:12:26","430.43","purchase"
"L0004080","CMP0013","2025-06-11T01:33:48","64.46","purchase"
"L0004095","CMP0012","2025-07-01T10:28:43","882.04","demo_booked"
"L0004096","CMP0011","2025-06-27T01:02:32","1401.38","trial_started"
"L0004097","CMP0023","2025-05-27T03:55:35","1021.93","demo_booked"
"L0004098","CMP0021","2025-08-02T22:52:03","1087.8","meeting_scheduled"
"L0004102","CMP0003","2025-06-30T14:38:20","864.22","purchase"
"L0004105","CMP0012","2025-06-06T09:43:33","1700.92","demo_booked"
"L0004109","CMP0015","2025-06-22T08:28:20","632.18","trial_started"
"L0004117","CMP0019","2025-05-23T00:13:28","1013.34","demo_booked"
"L0004118","CMP0022","2025-08-16T23:00:43","379.15","demo_booked"
"L0004119","CMP0016","2025-08-13T01:06:43","529.87","trial_started"
"L0004128","CMP0021","2025-07-08T15:14:42","1624.99","demo_booked"
"L0004134","CMP0023","2025-07-19T19:04:47","1441.68","demo_booked"
"L0004140","CMP0001","2025-07-15T17:44:15","107.27","demo_booked"
"L0004154","CMP0028","2025-06-17T01:56:03","994.15","meeting_scheduled"
"L0004167","CMP0012","2025-06-12T18:06:26","1426.29","meeting_scheduled"
"L0004168","CMP0018","2025-08-25T19:13:26","1111.56","trial_started"
"L0004174","CMP0005","2025-08-18T21:57:37","610.4","purchase"
"L0004202","CMP0021","2025-07-26T01:01:04","706.08","demo_booked"
"L0004222","CMP0019","2025-07-15T18:23:55","847.94","meeting_scheduled"
"L0004230","CMP0028","2025-08-23T02:30:36","1009.43","purchase"
"L0004240","CMP0010","2025-06-06T02:39:21","129.9","meeting_scheduled"
"L0004243","CMP0027","2025-05-22T03:55:32","1635.62","meeting_scheduled"
"L0004244","CMP0005","2025-06-19T15:43:08","489.82","purchase"
"L0004273","CMP0010","2025-08-07T23:03:24","789.09","meeting_scheduled"
"L0004274","CMP0006","2025-05-25T17:55:52","1372.02","purchase"
"L0004284","CMP0023","2025-06-04T11:10:36","757.97","purchase"
"L0004286","CMP0004","2025-06-24T04:40:54","1480.59","demo_booked"
"L0004299","CMP0023","2025-08-21T03:57:38","1052.81","trial_started"
"L0004302","CMP0030","2025-08-22T19:55:55","1822.53","trial_started"
"L0004306","CMP0018","2025-07-21T05:29:52","1079.78","demo_booked"
"L0004310","CMP0005","2025-08-15T13:47:27","356.02","purchase"
"L0004317","CMP0023","2025-08-14T13:55:06","1773.81","trial_started"
"L0004318","CMP0016","2025-05-19T01:38:06","1163.67","meeting_scheduled"
"L0004319","CMP0005","2025-05-23T00:20:40","471.54","meeting_scheduled"
"L0004321","CMP0009","2025-08-03T08:19:14","85.56","demo_booked"
"L0004325","CMP0025","2025-08-22T03:47:18","1197.54","meeting_scheduled"
"L0004330","CMP0027","2025-08-18T11:17:13","1236.75","purchase"
"L0004332","CMP0030","2025-06-08T19:10:35","1342.88","demo_booked"
"L0004335","CMP0021","2025-05-15T14:11:10","1055.8","demo_booked"
"L0004341","CMP0029","2025-07-21T13:48:12","1841.83","trial_started"
"L0004361","CMP0026","2025-05-25T14:38:33","1244.83","trial_started"
"L0004362","CMP0006","2025-06-19T08:59:08","217.01","demo_booked"
"L0004378","CMP0015","2025-05-25T12:44:17","988.64","trial_started"
"L0004380","CMP0012","2025-05-18T15:30:49","79.28","trial_started"
"L0004385","CMP0026","2025-08-08T23:50:22","464.12","meeting_scheduled"
"L0004388","CMP0012","2025-07-11T15:42:13","113.54","demo_booked"
"L0004394","CMP0004","2025-06-12T11:01:58","607.34","demo_booked"
"L0004404","CMP0006","2025-07-03T14:22:41","664.15","demo_booked"
"L0004414","CMP0001","2025-06-01T05:54:38","292.9","trial_started"
"L0004415","CMP0009","2025-05-13T23:08:38","936.44","trial_started"
"L0004431","CMP0024","2025-06-27T17:22:03","835.19","demo_booked"
"L0004434","CMP0016","2025-08-15T14:45:40","617.68","meeting_scheduled"
"L0004447","CMP0001","2025-06-03T00:40:14","1060.37","trial_started"
"L0004453","CMP0023","2025-05-16T02:36:38","1855.52","meeting_scheduled"
"L0004457","CMP0027","2025-07-10T04:17:54","1070.09","demo_booked"
"L0004459","CMP0015","2025-08-07T13:35:28","1710.01","meeting_scheduled"
"L0004460","CMP0005","2025-07-24T19:51:57","91.32","purchase"
"L0004466","CMP0011","2025-08-22T15:32:26","165.34","meeting_scheduled"
"L0004468","CMP0027","2025-07-04T05:30:23","1822.53","meeting_scheduled"
"L0004469","CMP0011","2025-07-17T10:15:54","1183.88","demo_booked"
"L0004470","CMP0005","2025-08-16T23:07:13","1824.64","meeting_scheduled"
"L0004480","CMP0026","2025-07-20T03:38:41","576.78","purchase"
"L0004482","CMP0020","2025-08-09T07:51:58","781.51","meeting_scheduled"
"L0004484","CMP0011","2025-08-25T13:28:05","733.58","trial_started"
"L0004493","CMP0001","2025-08-25T19:33:28","883.52","demo_booked"
"L0004494","CMP0018","2025-06-05T13:32:29","399.43","meeting_scheduled"
"L0004496","CMP0029","2025-06-08T17:48:51","626.9","trial_started"
"L0004508","CMP0010","2025-06-18T16:27:33","1817.05","demo_booked"
"L0004512","CMP0018","2025-07-04T19:14:08","728.75","meeting_scheduled"
"L0004513","CMP0021","2025-08-25T11:54:52","186.58","purchase"
"L0004522","CMP0013","2025-07-28T11:04:11","1321.22","demo_booked"
"L0004524","CMP0022","2025-06-02T22:21:08","362.85","demo_booked"
"L0004531","CMP0018","2025-06-11T00:29:35","1605.2","demo_booked"
"L0004532","CMP0030","2025-08-13T18:23:34","719.17","trial_started"
"L0004540","CMP0021","2025-08-12T22:17:39","1653.76","purchase"
"L0004541","CMP0013","2025-08-11T02:06:36","628.97","trial_started"
"L0004542","CMP0021","2025-07-03T18:18:37","1095.45","purchase"
"L0004544","CMP0014","2025-08-25T19:51:14","857.12","demo_booked"
"L0004547","CMP0023","2025-07-08T08:26:28","1722.92","demo_booked"
"L0004554","CMP0029","2025-06-19T00:13:00","1749.51","purchase"
"L0004564","CMP0003","2025-05-31T02:24:54","279.24","demo_booked"
"L0004567","CMP0024","2025-05-21T00:34:50","1569.98","trial_started"
"L0004571","CMP0002","2025-07-29T00:29:14","87.39","demo_booked"
"L0004573","CMP0021","2025-08-07T18:42:54","484.58","trial_started"
"L0004578","CMP0003","2025-08-02T07:28:04","1074.6","trial_started"
"L0004587","CMP0020","2025-08-12T21:51:08","1500.63","purchase"
"L0004589","CMP0001","2025-07-27T05:44:33","703.89","trial_started"
"L0004591","CMP0018","2025-06-13T10:14:30","1841.44","meeting_scheduled"
"L0004596","CMP0030","2025-07-24T23:20:24","1002.96","purchase"
"L0004606","CMP0003","2025-06-27T18:51:56","1733.2","demo_booked"
"L0004615","CMP0029","2025-08-26T12:46:04","876.23","purchase"
"L0004616","CMP0006","2025-07-11T22:20:09","88.04","purchase"
"L0004619","CMP0027","2025-07-24T05:31:06","630.18","meeting_scheduled"
"L0004620","CMP0009","2025-07-05T23:15:33","462.69","demo_booked"
"L0004636","CMP0010","2025-08-08T04:57:03","1861.23","meeting_scheduled"
"L0004643","CMP0020","2025-08-24T17:06:53","1955.55","trial_started"
"L0004650","CMP0027","2025-07-18T05:55:53","1223.52","demo_booked"
"L0004664","CMP0014","2025-07-09T02:25:44","1526.22","meeting_scheduled"
"L0004667","CMP0028","2025-05-27T16:55:54","1191.13","purchase"
"L0004670","CMP0022","2025-08-02T17:41:27","1412.46","trial_started"
"L0004675","CMP0014","2025-08-19T12:30:30","1524.58","meeting_scheduled"
"L0004680","CMP0029","2025-06-14T15:25:10","588.44","demo_booked"
"L0004689","CMP0020","2025-06-22T05:12:10","835.76","demo_booked"
"L0004691","CMP0019","2025-06-27T20:04:30","60.84","demo_booked"
"L0004694","CMP0027","2025-06-23T01:51:59","737.71","meeting_scheduled"
"L0004695","CMP0015","2025-08-17T13:55:40","251.0","meeting_scheduled"
"L0004702","CMP0030","2025-07-11T19:17:20","1716.69","purchase"
"L0004704","CMP0026","2025-06-22T17:20:08","1188.79","meeting_scheduled"
"L0004722","CMP0025","2025-06-13T17:48:04","106.17","demo_booked"
"L0004726","CMP0021","2025-08-24T01:32:49","1775.49","demo_booked"
"L0004728","CMP0023","2025-08-06T14:28:38","722.95","purchase"
"L0004736","CMP0012","2025-07-24T06:44:44","1129.66","demo_booked"
"L0004739","CMP0024","2025-08-07T05:28:41","80.48","demo_booked"
"L0004741","CMP0025","2025-08-13T02:39:12","1983.6","purchase"
"L0004747","CMP0011","2025-06-10T00:29:41","1895.2","meeting_scheduled"
"L0004750","CMP0014","2025-07-18T22:47:33","1148.55","meeting_scheduled"
"L0004759","CMP0011","2025-06-05T18:34:17","1331.94","purchase"
"L0004761","CMP0009","2025-08-18T15:25:32","1373.38","trial_started"
"L0004762","CMP0006","2025-07-05T00:00:56","1895.48","trial_started"
"L0004763","CMP0003","2025-08-17T06:01:49","640.4","meeting_scheduled"
"L0004768","CMP0011","2025-08-08T10:46:07","182.08","demo_booked"
"L0004776","CMP0012","2025-08-18T12:13:35","1513.51","meeting_scheduled"
"L0004777","CMP0003","2025-08-11T18:29:47","881.25","meeting_scheduled"
"L0004792","CMP0004","2025-08-11T12:43:51","1788.3","meeting_scheduled"
"L0004793","CMP0023","2025-06-11T13:35:00","1067.22","meeting_scheduled"
"L0004795","CMP0002","2025-07-16T07:13:12","1193.86","meeting_scheduled"
"L0004798","CMP0025","2025-08-11T04:21:55","1063.72","meeting_scheduled"
"L0004803","CMP0022","2025-08-01T15:29:28","951.64","purchase"
"L0004807","CMP0001","2025-05-21T13:57:07","315.1","purchase"
"L0004810","CMP0023","2025-06-21T06:47:41","754.3","purchase"
"L0004816","CMP0002","2025-06-13T15:18:16","1451.53","trial_started"
"L0004818","CMP0012","2025-07-27T14:56:59","1261.97","purchase"
"L0004821","CMP0015","2025-07-12T07:58:04","291.77","purchase"
"L0004830","CMP0004","2025-06-13T00:07:25","75.06","trial_started"
"L0004836","CMP0026","2025-05-31T03:27:43","1351.94","trial_started"
"L0004841","CMP0011","2025-08-01T05:17:28","575.51","meeting_scheduled"
"L0004844","CMP0024","2025-06-10T08:05:14","675.62","demo_booked"
"L0004855","CMP0024","2025-08-24T01:26:49","1175.51","trial_started"
"L0004856","CMP0003","2025-08-05T05:52:54","1687.58","trial_started"
"L0004858","CMP0023","2025-06-30T07:51:08","1937.71","demo_booked"
"L0004859","CMP0018","2025-06-08T21:21:41","1598.47","demo_booked"
"L0004871","CMP0011","2025-08-22T05:01:58","390.41","meeting_scheduled"
"L0004875","CMP0021","2025-08-14T06:24:04","428.15","meeting_scheduled"
"L0004877","CMP0022","2025-08-27T08:33:33","1369.46","trial_started"
"L0004880","CMP0019","2025-07-28T01:53:47","470.34","trial_started"
"L0004882","CMP0001","2025-06-27T22:37:39","657.72","purchase"
"L0004884","CMP0018","2025-08-24T20:08:20","1955.03","meeting_scheduled"
"L0004895","CMP0002","2025-05-24T04:49:09","578.68","meeting_scheduled"
"L0004905","CMP0025","2025-07-09T09:07:49","1505.52","trial_started"
"L0004909","CMP0006","2025-06-17T11:37:16","1048.12","trial_started"
"L0004910","CMP0005","2025-06-28T14:10:17","1656.96","trial_started"
"L0004916","CMP0026","2025-08-04T16:35:37","950.56","demo_booked"
"L0004919","CMP0009","2025-07-03T16:45:36","238.52","trial_started"
"L0004922","CMP0003","2025-05-17T02:12:25","808.42","demo_booked"
"L0004928","CMP0005","2025-07-22T15:29:53","240.81","meeting_scheduled"
"L0004937","CMP0015","2025-07-12T05:23:40","997.96","meeting_scheduled"
"L0004944","CMP0017","2025-08-20T05:02:01","1758.74","trial_started"
"L0004947","CMP0029","2025-07-23T10:37:03","797.41","purchase"
"L0004952","CMP0023","2025-08-11T00:10:32","844.65","meeting_scheduled"
"L0004962","CMP0010","2025-08-13T17:23:50","1052.24","demo_booked"
"L0004963","CMP0003","2025-08-18T08:37:35","697.36","purchase"
"L0004982","CMP0006","2025-06-09T07:47:17","1292.34","purchase"
"L0004986","CMP0028","2025-06-21T17:10:16","1913.82","demo_booked"
"L0004996","CMP0014","2025-08-02T14:45:30","361.12","demo_booked"
